{"bleu": {"bleu_score": 0.3040552203045736}, "rouge": {"rouge1": 0.5583467608864198, "rouge2": 0.41752628079936843, "rougeL": 0.4692864739279877}, "meteor": {"meteor_score_aver": 0.5033601424660126}, "bert_score": {"precision_score": 0.880120415687561, "recall_score": 0.9096340502798558, "f1_score": 0.8943771377205849}}