{"bleu": {"bleu_score": 0.15842050123247747}, "rouge": {"rouge1": 0.38538678206979365, "rouge2": 0.25111156255875733, "rougeL": 0.3215290103325433}, "meteor": {"meteor_score_aver": 0.34396468774595507}, "bert_score": {"precision_score": 0.8608284113407135, "recall_score": 0.85481733751297, "f1_score": 0.8574525663852691}}