{"bleu": {"bleu_score": 0.0001542440610465338}, "rouge": {"rouge1": 0.06580023237005758, "rouge2": 0.003972391074249745, "rougeL": 0.05790726969335975}, "meteor": {"meteor_score_aver": 0.03352699559597715}, "bert_score": {"precision_score": 0.8339410737752915, "recall_score": 0.7889024885892868, "f1_score": 0.8106154161691665}}