{"entity1_bleu": 0.06148070268198661, "entity1_rouge1": 0.49473511433792333, "entity1_rouge2": 0.2867077071793715, "entity1_rougeL": 0.4917040780751798, "entity1_meteor": 0.4060242046334078, "entity1_bert_score_precision": 0.9049191256848778, "entity1_bert_score_recall": 0.8934914639325646, "entity1_bert_score_f1": 0.8982115487257639, "entity2_accuracy": 0.8052738336713996, "entity2_bleu": 0.3561885805093529, "entity2_rouge1": 0.8003527263281469, "entity2_rouge2": 0.7769572550505613, "entity2_rougeL": 0.7999470468149622, "entity2_meteor": 0.7462318051052036, "entity2_bert_score_precision": 0.9632595685626141, "entity2_bert_score_recall": 0.9571423557177035, "entity2_bert_score_f1": 0.9599854564086419, "question_type_accuracy": 0.9452332657200812, "question_type_bleu": 0.0, "question_type_rouge1": 0.9486139283299527, "question_type_rouge2": 0.9452332657200812, "question_type_rougeL": 0.9486139283299527, "question_type_meteor": 0.9128258583126737, "question_type_bert_score_precision": 0.9919493553846409, "question_type_bert_score_recall": 0.9920033807686811, "question_type_bert_score_f1": 0.9919499300314495}